ID,Election,Spot_0.9,Mean_0.9,Mean_0.2,Spot_0.1,Mean_0.1,Spot_0
5,0,9,10.43612335,9,8.9,13.26,0
1,0,57,59,65,65,65,65
6,0,99.8,61.375,35,35,35,35
4,0,26.92731092,35,30,33.65384615,25,5
3,0,14,22.3376087,36.59803922,35,39.1372549,52
2,0,32,30.61666667,4.8,4.8,4.8,4.8
14,0,96.4,30.5699793,6.981308411,8,8,8
7,0,26.2,24.18547141,26.7013986,26,27.6056338,40
8,0,65.3,58.35682889,54.9929078,55,53.21428571,45
